,—á–∏—Å–ª–æ,—Å–µ–º–∞–Ω—Ç–∏—á–µ—Å–∫–∏–π —Ç–µ–≥,—Ç–µ–º–∞,—Ç–µ–∫—Å—Ç
0,12.12.2024,Neutral,–∫—É–ª—å—Ç—É—Ä–∞,"
–ó–∞–º–µ—Ç–∫–∏ –±–∞—Ä–∏—Å—Ç–∞ –ö–æ—Ñ–µ—Ç–µ—Ö–∞ ‚òïÔ∏è‚Ññ 1 –¢–∞—Ä—Ç–∞–ª–µ—Ç–∫–∏ —Ö–æ—Ç—å –∏ –Ω–µ –≥–æ—Ä—è—á–∏–µ –ø–∏—Ä–æ–∂–∫–∏, –Ω–æ —Ä–∞–∑–ª–µ—Ç–∞—é—Ç—Å—è —Ç–∞–∫ –∂–µ –±—ã—Å—Ç—Ä–æ üòä–ö—Å—Ç–∞—Ç–∏, —Å–µ–≥–æ–¥–Ω—è —Ç–∞—Ä—Ç–∞–ª–µ—Ç–∫–∏ –≤ –Ω–∞–ª–∏—á–∏–∏ ;) #–≤–æ–ª–≥–∞—Ç–µ—Ö #volgatech #–ø–≥—Ç—É #—Ä–µ–≥–∏–æ–Ω12 #–º–æ–ª–æ–¥–µ–∂—å–º–∞—Ä–∏–π—ç–ª #–∫–æ—Ñ–µ—Ç–µ—Ö
"
1,12.12.2024,Positive,–ø–æ–ª–∏—Ç–∏–∫–∞,"
–° –î–Ω—ë–º –ö–æ–Ω—Å—Ç–∏—Ç—É—Ü–∏–∏ –†–æ—Å—Å–∏–∏ üá∑üá∫–ù–µ—Å–∫–æ–ª—å–∫–æ —Ñ–∞–∫—Ç–æ–≤ –∏–∑ –∏—Å—Ç–æ—Ä–∏–∏:üìï 12 –¥–µ–∫–∞–±—Ä—è 1993 –≥–æ–¥–∞ –æ—Å–Ω–æ–≤–Ω–æ–π –∑–∞–∫–æ–Ω —Å—Ç—Ä–∞–Ω—ã –±—ã–ª –ø—Ä–∏–Ω—è—Ç –Ω–∞ —Ä–µ—Ñ–µ—Ä–µ–Ω–¥—É–º–µ.üìï –ù–∞–¥ —Å–æ–∑–¥–∞–Ω–∏–µ–º –¥–µ–π—Å—Ç–≤—É—é—â–µ–π –ö–æ–Ω—Å—Ç–∏—Ç—É—Ü–∏–∏ –†–æ—Å—Å–∏–∏ —Ç—Ä—É–¥–∏–ª–∏—Å—å –±–æ–ª–µ–µ 1000 —á–µ–ª–æ–≤–µ–∫, –∫–æ—Ç–æ—Ä—ã–µ –∑–∞ 3,5 –≥–æ–¥–∞ —Ä–∞–∑—Ä–∞–±–æ—Ç–∞–ª–∏ –±–æ–ª–µ–µ 20 –≤–∞—Ä–∏–∞–Ω—Ç–æ–≤ –∏ —Ä–∞—Å—Å–º–æ—Ç—Ä–µ–ª–∏ –±–æ–ª–µ–µ 3000 –ø—Ä–µ–¥–ª–æ–∂–µ–Ω–∏–π. üìï –î–≤–∞ —ç–∫–∑–µ–º–ø–ª—è—Ä–∞ –ø–æ–±—ã–≤–∞–ª–∏ –≤ –∫–æ—Å–º–æ—Å–µ ‚Äì –Ω–∞ –æ—Ä–±–∏—Ç–∞–ª—å–Ω–æ–π —Å—Ç–∞–Ω—Ü–∏–∏ ¬´–ú–∏—Ä¬ª –≤ 1999 –∏ –Ω–∞ –ú–ö–° –≤ 2005.üìï –í –ö–æ–Ω—Å—Ç–∏—Ç—É—Ü–∏–∏ –†–§ –Ω–µ—Ç –∏–Ω–æ—è–∑—ã—á–Ω—ã—Ö –≤—ã—Ä–∞–∂–µ–Ω–∏–π —Ç–∏–ø–∞ ¬´—Å–ø–∏–∫–µ—Ä¬ª, ¬´–ø–∞—Ä–ª–∞–º–µ–Ω—Ç¬ª, ¬´—Å–µ–Ω–∞—Ç–æ—Ä—ã¬ª, ¬´–∏–º–ø–∏—á–º–µ–Ω—Ç—ã¬ª. üìï –í —ç—Ç–æ—Ç –¥–µ–Ω—å –ø–æ –≤—Å–µ–π —Å—Ç—Ä–∞–Ω–µ –ø—Ä–æ—Ö–æ–¥—è—Ç –æ–±—Ä–∞–∑–æ–≤–∞—Ç–µ–ª—å–Ω—ã–µ –∞–∫—Ü–∏–∏, –ø–∞–º—è—Ç–Ω—ã–µ –∏ —Ç–æ—Ä–∂–µ—Å—Ç–≤–µ–Ω–Ω—ã–µ –º–µ—Ä–æ–ø—Ä–∏—è—Ç–∏—è.–° –ø—Ä–∞–∑–¥–Ω–∏–∫–æ–º! ‚ù§Ô∏è#–≤–æ–ª–≥–∞—Ç–µ—Ö #volgatech #–ø–≥—Ç—É
"
2,13.12.2024,Positive,—Å–ø–æ—Ä—Ç,"
–ü–æ–¥–±–æ—Ä–∫–∞ –∏–Ω—Ç–µ—Ä–µ—Å–Ω—ã—Ö –∑–∞–Ω—è—Ç–∏–π –Ω–∞ –≤—ã—Ö–æ–¥–Ω—ã–µ —É–∂–µ –≤ —Å–µ—Ç–∏ ‚ú®#–≤–æ–ª–≥–∞—Ç–µ—Ö #volgatech #–ø–≥—Ç—É #—Ä–µ–≥–∏–æ–Ω12 #–º–æ–ª–æ–¥–µ–∂—å–º–∞—Ä–∏–π—ç–ª
"
